feature_index,feature_code,feature_name,method,estimate,lower,upper,interval_level,interval_type,selected_model,source_file,source_cell,source_status
1,x1,Age,ProxMCMC,,-1.23802,1.20847,0.95,credible,,Lasso diabetes.ipynb,18,recorded_notebook_output
2,x2,Sex,ProxMCMC,,-3.88086,-0.729799,0.95,credible,,Lasso diabetes.ipynb,18,recorded_notebook_output
3,x3,BMI,ProxMCMC,,5.11081,8.45017,0.95,credible,,Lasso diabetes.ipynb,18,recorded_notebook_output
4,x4,BP,ProxMCMC,,1.98365,5.36519,0.95,credible,,Lasso diabetes.ipynb,18,recorded_notebook_output
5,x5,S1,ProxMCMC,,-4.11848,0.985559,0.95,credible,,Lasso diabetes.ipynb,18,recorded_notebook_output
6,x6,S2,ProxMCMC,,-2.79088,1.62554,0.95,credible,,Lasso diabetes.ipynb,18,recorded_notebook_output
7,x7,S3,ProxMCMC,,-0.0107813,4.43404,0.95,credible,,Lasso diabetes.ipynb,18,recorded_notebook_output
8,x8,S4,ProxMCMC,,-1.12144,3.70255,0.95,credible,,Lasso diabetes.ipynb,18,recorded_notebook_output
9,x9,S5,ProxMCMC,,4.17167,8.45172,0.95,credible,,Lasso diabetes.ipynb,18,recorded_notebook_output
10,x10,S6,ProxMCMC,,-0.54689,2.27127,0.95,credible,,Lasso diabetes.ipynb,18,recorded_notebook_output
1,x1,Age,bls-RJ-T,,-0.8670548,0.8038331,0.95,credible,,Lasso diabetes.ipynb,28,recorded_notebook_output
2,x2,Sex,bls-RJ-T,,-4.1857831,-0.7608072,0.95,credible,,Lasso diabetes.ipynb,28,recorded_notebook_output
3,x3,BMI,bls-RJ-T,,5.197418,8.547018,0.95,credible,,Lasso diabetes.ipynb,28,recorded_notebook_output
4,x4,BP,bls-RJ-T,,2.32301,5.634251,0.95,credible,,Lasso diabetes.ipynb,28,recorded_notebook_output
5,x5,S1,bls-RJ-T,,-5.9206809,0.4406685,0.95,credible,,Lasso diabetes.ipynb,28,recorded_notebook_output
6,x6,S2,bls-RJ-T,,-2.683078,3.147472,0.95,credible,,Lasso diabetes.ipynb,28,recorded_notebook_output
7,x7,S3,bls-RJ-T,,0,5.025495,0.95,credible,,Lasso diabetes.ipynb,28,recorded_notebook_output
8,x8,S4,bls-RJ-T,,-1.257518,4.246444,0.95,credible,,Lasso diabetes.ipynb,28,recorded_notebook_output
9,x9,S5,bls-RJ-T,,4.54096,9.155681,0.95,credible,,Lasso diabetes.ipynb,28,recorded_notebook_output
10,x10,S6,bls-RJ-T,,-0.3567079,1.9941689,0.95,credible,,Lasso diabetes.ipynb,28,recorded_notebook_output
1,x1,Age,bls-RJ-F,,-1.362418,1.316153,0.95,credible,,Lasso diabetes.ipynb,27,recorded_notebook_output
2,x2,Sex,bls-RJ-F,,-4.181097,-1.024497,0.95,credible,,Lasso diabetes.ipynb,27,recorded_notebook_output
3,x3,BMI,bls-RJ-F,,5.040238,8.474487,0.95,credible,,Lasso diabetes.ipynb,27,recorded_notebook_output
4,x4,BP,bls-RJ-F,,2.200114,5.578233,0.95,credible,,Lasso diabetes.ipynb,27,recorded_notebook_output
5,x5,S1,bls-RJ-F,,-6.337706,1.392599,0.95,credible,,Lasso diabetes.ipynb,27,recorded_notebook_output
6,x6,S2,bls-RJ-F,,-3.294718,3.376955,0.95,credible,,Lasso diabetes.ipynb,27,recorded_notebook_output
7,x7,S3,bls-RJ-F,,-0.4800972,4.8323515,0.95,credible,,Lasso diabetes.ipynb,27,recorded_notebook_output
8,x8,S4,bls-RJ-F,,-1.457051,4.249511,0.95,credible,,Lasso diabetes.ipynb,27,recorded_notebook_output
9,x9,S5,bls-RJ-F,,4.315863,9.084684,0.95,credible,,Lasso diabetes.ipynb,27,recorded_notebook_output
10,x10,S6,bls-RJ-F,,-0.659092,2.40382,0.95,credible,,Lasso diabetes.ipynb,27,recorded_notebook_output
1,x1,Age,Horseshoe,,-0.9857467,0.8661468,0.95,credible,,Lasso diabetes.ipynb,24,recorded_notebook_output
2,x2,Sex,Horseshoe,,-3.9355831,-0.2125374,0.95,credible,,Lasso diabetes.ipynb,24,recorded_notebook_output
3,x3,BMI,Horseshoe,,5.30903,8.8112419,0.95,credible,,Lasso diabetes.ipynb,24,recorded_notebook_output
4,x4,BP,Horseshoe,,1.9363723,5.500331,0.95,credible,,Lasso diabetes.ipynb,24,recorded_notebook_output
5,x5,S1,Horseshoe,,-4.6058993,0.434585,0.95,credible,,Lasso diabetes.ipynb,24,recorded_notebook_output
6,x6,S2,Horseshoe,,-2.185293,1.5932634,0.95,credible,,Lasso diabetes.ipynb,24,recorded_notebook_output
7,x7,S3,Horseshoe,,-0.1092455,4.7689104,0.95,credible,,Lasso diabetes.ipynb,24,recorded_notebook_output
8,x8,S4,Horseshoe,,-1.1393592,3.3093168,0.95,credible,,Lasso diabetes.ipynb,24,recorded_notebook_output
9,x9,S5,Horseshoe,,4.6434269,9.0765475,0.95,credible,,Lasso diabetes.ipynb,24,recorded_notebook_output
10,x10,S6,Horseshoe,,-0.5194444,1.731849,0.95,credible,,Lasso diabetes.ipynb,24,recorded_notebook_output
1,x1,Age,SelInf,,,,0.95,confidence,0,Lasso diabetes.ipynb,33,recorded_notebook_output
2,x2,Sex,SelInf,,-4.345931,-1.762295,0.95,confidence,1,Lasso diabetes.ipynb,33,recorded_notebook_output
3,x3,BMI,SelInf,,5.398717,8.188484,0.95,confidence,1,Lasso diabetes.ipynb,33,recorded_notebook_output
4,x4,BP,SelInf,,2.886681,5.582026,0.95,confidence,1,Lasso diabetes.ipynb,33,recorded_notebook_output
5,x5,S1,SelInf,,,,0.95,confidence,0,Lasso diabetes.ipynb,33,recorded_notebook_output
6,x6,S2,SelInf,,,,0.95,confidence,0,Lasso diabetes.ipynb,33,recorded_notebook_output
7,x7,S3,SelInf,,2.345991,5.150792,0.95,confidence,1,Lasso diabetes.ipynb,33,recorded_notebook_output
8,x8,S4,SelInf,,,,0.95,confidence,0,Lasso diabetes.ipynb,33,recorded_notebook_output
9,x9,S5,SelInf,,4.755326,7.561748,0.95,confidence,1,Lasso diabetes.ipynb,33,recorded_notebook_output
10,x10,S6,SelInf,,,,0.95,confidence,0,Lasso diabetes.ipynb,33,recorded_notebook_output
